Workbook

Sheet Summary
A1: Q1 2026 cash receipts reconciliation: bank, AR subledger and GL
A2: Synthetic data. Matching was done in SQL (sql/ folder); this workbook reports the result.
A3: Blue = value taken from the SQL run. Black = formula. Yellow cells on the Exceptions sheet (Analyst status / notes) are for the reviewer to fill in.
A5: Matching settings used
A6: Amount tolerance | B6: 1 | C6: Largest amount difference still treated as a match (bank fees, rounding).
A7: Date tolerance (days) | B7: 7 | C7: Largest date spread across systems before a match is reported as a timing gap.
A8: Reference-link window (days) | B8: 45 | C8: How far apart two rows with the same reference may be and still be linked.
A9: High severity from | B9: 5000 | C9: Exposure at or above this amount.
A10: Medium severity from | B10: 1000 | C10: Exposure at or above this amount.
A12: Population: what cleared without review
A13: System | B13: Rows | C13: Cleared | D13: For review | E13: Cleared %
A14: Bank statement | B14: 1471 | C14: 1387 | D14: =B14-C14 | E14: =C14/B14
A15: AR subledger | B15: 1482 | C15: 1387 | D15: =B15-C15 | E15: =C15/B15
A16: General ledger | B16: 1472 | C16: 1387 | D16: =B16-C16 | E16: =C16/B16
A17: All systems | B17: =SUM(B14:B16) | C17: =SUM(C14:C16) | D17: =SUM(D14:D16) | E17: =C17/B17
A20: Exceptions by type
A21: Type | B21: Count | C21: Exposure ($) | D21: High severity | E21: Avg age (days)
A22: Missing in GL | B22: =COUNTIF(Exceptions!$B$2:$B$131,A22) | C22: =SUMIF(Exceptions!$B$2:$B$131,A22,Exceptions!$M$2:$M$131) | D22: =COUNTIFS(Exceptions!$B$2:$B$131,A22,Exceptions!$C$2:$C$131,"High") | E22: =IF(B22=0,0,SUMIF(Exceptions!$B$2:$B$131,A22,Exceptions!$O$2:$O$131)/B22)
A23: Missing in bank | B23: =COUNTIF(Exceptions!$B$2:$B$131,A23) | C23: =SUMIF(Exceptions!$B$2:$B$131,A23,Exceptions!$M$2:$M$131) | D23: =COUNTIFS(Exceptions!$B$2:$B$131,A23,Exceptions!$C$2:$C$131,"High") | E23: =IF(B23=0,0,SUMIF(Exceptions!$B$2:$B$131,A23,Exceptions!$O$2:$O$131)/B23)
A24: Timing gap | B24: =COUNTIF(Exceptions!$B$2:$B$131,A24) | C24: =SUMIF(Exceptions!$B$2:$B$131,A24,Exceptions!$M$2:$M$131) | D24: =COUNTIFS(Exceptions!$B$2:$B$131,A24,Exceptions!$C$2:$C$131,"High") | E24: =IF(B24=0,0,SUMIF(Exceptions!$B$2:$B$131,A24,Exceptions!$O$2:$O$131)/B24)
A25: Amount mismatch | B25: =COUNTIF(Exceptions!$B$2:$B$131,A25) | C25: =SUMIF(Exceptions!$B$2:$B$131,A25,Exceptions!$M$2:$M$131) | D25: =COUNTIFS(Exceptions!$B$2:$B$131,A25,Exceptions!$C$2:$C$131,"High") | E25: =IF(B25=0,0,SUMIF(Exceptions!$B$2:$B$131,A25,Exceptions!$O$2:$O$131)/B25)
A26: Duplicate posting | B26: =COUNTIF(Exceptions!$B$2:$B$131,A26) | C26: =SUMIF(Exceptions!$B$2:$B$131,A26,Exceptions!$M$2:$M$131) | D26: =COUNTIFS(Exceptions!$B$2:$B$131,A26,Exceptions!$C$2:$C$131,"High") | E26: =IF(B26=0,0,SUMIF(Exceptions!$B$2:$B$131,A26,Exceptions!$O$2:$O$131)/B26)
A27: Missing in AR | B27: =COUNTIF(Exceptions!$B$2:$B$131,A27) | C27: =SUMIF(Exceptions!$B$2:$B$131,A27,Exceptions!$M$2:$M$131) | D27: =COUNTIFS(Exceptions!$B$2:$B$131,A27,Exceptions!$C$2:$C$131,"High") | E27: =IF(B27=0,0,SUMIF(Exceptions!$B$2:$B$131,A27,Exceptions!$O$2:$O$131)/B27)
A28: Bank credit only | B28: =COUNTIF(Exceptions!$B$2:$B$131,A28) | C28: =SUMIF(Exceptions!$B$2:$B$131,A28,Exceptions!$M$2:$M$131) | D28: =COUNTIFS(Exceptions!$B$2:$B$131,A28,Exceptions!$C$2:$C$131,"High") | E28: =IF(B28=0,0,SUMIF(Exceptions!$B$2:$B$131,A28,Exceptions!$O$2:$O$131)/B28)
A29: AR application only | B29: =COUNTIF(Exceptions!$B$2:$B$131,A29) | C29: =SUMIF(Exceptions!$B$2:$B$131,A29,Exceptions!$M$2:$M$131) | D29: =COUNTIFS(Exceptions!$B$2:$B$131,A29,Exceptions!$C$2:$C$131,"High") | E29: =IF(B29=0,0,SUMIF(Exceptions!$B$2:$B$131,A29,Exceptions!$O$2:$O$131)/B29)
A30: GL entry only | B30: =COUNTIF(Exceptions!$B$2:$B$131,A30) | C30: =SUMIF(Exceptions!$B$2:$B$131,A30,Exceptions!$M$2:$M$131) | D30: =COUNTIFS(Exceptions!$B$2:$B$131,A30,Exceptions!$C$2:$C$131,"High") | E30: =IF(B30=0,0,SUMIF(Exceptions!$B$2:$B$131,A30,Exceptions!$O$2:$O$131)/B30)
A31: Ambiguous match | B31: =COUNTIF(Exceptions!$B$2:$B$131,A31) | C31: =SUMIF(Exceptions!$B$2:$B$131,A31,Exceptions!$M$2:$M$131) | D31: =COUNTIFS(Exceptions!$B$2:$B$131,A31,Exceptions!$C$2:$C$131,"High") | E31: =IF(B31=0,0,SUMIF(Exceptions!$B$2:$B$131,A31,Exceptions!$O$2:$O$131)/B31)
A32: Total | B32: =SUM(B22:B31) | C32: =SUM(C22:C31) | D32: =SUM(D22:D31) | E32: =AVERAGE(Exceptions!$O$2:$O$131)
A33: Check: type counts equal rows on Exceptions sheet | B33: =IF(B32=COUNTA(Exceptions!$A$2:$A$131),"OK","CHECK")
A36: Exceptions by severity
A37: Severity | B37: Count | C37: Exposure ($)
A38: High | B38: =COUNTIF(Exceptions!$C$2:$C$131,A38) | C38: =SUMIF(Exceptions!$C$2:$C$131,A38,Exceptions!$M$2:$M$131)
A39: Medium | B39: =COUNTIF(Exceptions!$C$2:$C$131,A39) | C39: =SUMIF(Exceptions!$C$2:$C$131,A39,Exceptions!$M$2:$M$131)
A40: Low | B40: =COUNTIF(Exceptions!$C$2:$C$131,A40) | C40: =SUMIF(Exceptions!$C$2:$C$131,A40,Exceptions!$M$2:$M$131)
A42: Review progress (driven by the Analyst status column)
A43: Status | B43: Count | C43: Exposure ($)
A44: Open | B44: =COUNTIF(Exceptions!$Q$2:$Q$131,A44) | C44: =SUMIF(Exceptions!$Q$2:$Q$131,A44,Exceptions!$M$2:$M$131)
A45: In review | B45: =COUNTIF(Exceptions!$Q$2:$Q$131,A45) | C45: =SUMIF(Exceptions!$Q$2:$Q$131,A45,Exceptions!$M$2:$M$131)
A46: Resolved | B46: =COUNTIF(Exceptions!$Q$2:$Q$131,A46) | C46: =SUMIF(Exceptions!$Q$2:$Q$131,A46,Exceptions!$M$2:$M$131)
A47: Not an issue | B47: =COUNTIF(Exceptions!$Q$2:$Q$131,A47) | C47: =SUMIF(Exceptions!$Q$2:$Q$131,A47,Exceptions!$M$2:$M$131)
A48: Not yet reviewed | B48: =B32-SUM(B44:B47) | C48: =C32-SUM(C44:C47)
A49: Example: set Analyst status to Resolved and note 'GL entry reposted' in Analyst notes.
A52: Scored against the planted breaks
A53: Breaks planted in the data | B53: 128 | C53: Answer key lives outside the database (ground_truth/).
A54: Planted breaks caught as the right type | B54: 128
A55: Recall | B55: =B54/B53
A56: Exceptions raised | B56: =B32 | C56: Linked to the count above.
A57: Exceptions that were not planted breaks | B57: 2 | C57: Both come from one receipt with a blank bank reference and several same-amount candidates.
A58: Precision | B58: =1-B57/B56

Sheet Exceptions
A1: Exception ID | B1: Type | C1: Severity | D1: Found in | E1: Reference | F1: Customer | G1: Bank ID | H1: AR ID | I1: GL ID | J1: Bank amount | K1: AR amount | L1: GL amount | M1: Exposure ($) | N1: Date spread (days) | O1: Age (days) | P1: Review note | Q1: Analyst status | R1: Analyst notes
A2: E0001 | B2: Timing gap | C2: High | D2: BANK + SL + GL | E2: 10214 | F2: C034 | G2: B000168 | H2: S000174 | I2: G000637 | J2: 40115.5 | K2: 40115.5 | L2: 40115.5 | M2: 40115.5 | N2: 28 | O2: 79 | P2: Ties across all three systems but dates span 28 days (tolerance 7). Pending analyst review.
A3: E0002 | B3: Duplicate posting | C3: High | D3: GL | E3: 11112 | I3: G000866 | L3: 27120.68 | M3: 27120.68 | N3: 1 | O3: 39 | P3: Same reference and amount already posted once in GL (G000845). Pending analyst review.
A4: E0003 | B4: Missing in AR | C4: High | D4: BANK + GL | E4: 11053 | G4: B000815 | I4: G000818 | J4: 26238.07 | L4: 26238.07 | M4: 26238.07 | N4: 2 | O4: 44 | P4: In bank and GL; no AR subledger application found. Pending analyst review.
A5: E0004 | B5: Missing in GL | C5: High | D5: BANK + SL | E5: 10989 | F5: C032 | G5: B000323 | H5: S000314 | J5: 25585.12 | K5: 25585.12 | M5: 25585.12 | N5: 0 | O5: 70 | P5: In bank and AR subledger; no GL entry within tolerance. Pending analyst review.
A6: E0005 | B6: Missing in bank | C6: High | D6: SL + GL | E6: 10784 | F6: C018 | H6: S000481 | I6: G000448 | K6: 23313.29 | L6: 23313.29 | M6: 23313.29 | N6: 0 | O6: 61 | P6: In AR subledger and GL; no matching bank credit found. Pending analyst review.
A7: E0006 | B7: Duplicate posting | C7: High | D7: SL | E7: 10953 | F7: C042 | H7: S000298 | K7: 17900.17 | M7: 17900.17 | N7: 2 | O7: 71 | P7: Same reference and amount already posted once in SL (S000274). Pending analyst review.
A8: E0007 | B8: Timing gap | C8: High | D8: BANK + SL + GL | E8: 10868 | F8: C027 | G8: B000229 | H8: S000237 | I8: G000596 | J8: 16088.16 | K8: 16088.16 | L8: 16088.16 | M8: 16088.16 | N8: 23 | O8: 76 | P8: Ties across all three systems but dates span 23 days (tolerance 7). Pending analyst review.
A9: E0008 | B9: Missing in bank | C9: High | D9: SL + GL | E9: 10480 | F9: C019 | H9: S001273 | I9: G001251 | K9: 15841.22 | L9: 15841.22 | M9: 15841.22 | N9: 0 | O9: 19 | P9: In AR subledger and GL; no matching bank credit found. Pending analyst review.
A10: E0009 | B10: Missing in bank | C10: High | D10: SL + GL | E10: 10288 | F10: C038 | H10: S000967 | I10: G000954 | K10: 12177.35 | L10: 12177.35 | M10: 12177.35 | N10: 0 | O10: 35 | P10: In AR subledger and GL; no matching bank credit found. Pending analyst review.
A11: E0010 | B11: Missing in bank | C11: High | D11: SL + GL | E11: 10540 | F11: C018 | H11: S000084 | I11: G000076 | K11: 12095.16 | L11: 12095.16 | M11: 12095.16 | N11: 1 | O11: 83 | P11: In AR subledger and GL; no matching bank credit found. Pending analyst review.
A12: E0011 | B12: Missing in GL | C12: High | D12: BANK + SL | E12: 10326 | F12: C059 | G12: B000425 | H12: S000420 | J12: 12054.05 | K12: 12054.05 | M12: 12054.05 | N12: 1 | O12: 65 | P12: In bank and AR subledger; no GL entry within tolerance. Pending analyst review.
A13: E0012 | B13: Missing in GL | C13: High | D13: BANK + SL | E13: 10329 | F13: C050 | G13: B000547 | H13: S000588 | J13: 11793.65 | K13: 11793.65 | M13: 11793.65 | N13: 2 | O13: 57 | P13: In bank and AR subledger; no GL entry within tolerance. Pending analyst review.
A14: E0013 | B14: Duplicate posting | C14: High | D14: SL | E14: 11139 | F14: C040 | H14: S001077 | K14: 10864.06 | M14: 10864.06 | N14: 1 | O14: 29 | P14: Same reference and amount already posted once in SL (S001052). Pending analyst review.
A15: E0014 | B15: Timing gap | C15: High | D15: BANK + SL + GL | E15: 10445 | F15: C027 | G15: B000914 | H15: S000948 | I15: G001131 | J15: 10193.49 | K15: 10193.49 | L15: 10193.49 | M15: 10193.49 | N15: 13 | O15: 38 | P15: Ties across all three systems but dates span 13 days (tolerance 7). Pending analyst review.
A16: E0015 | B16: Missing in GL | C16: High | D16: BANK + SL | E16: 10933 | F16: C035 | G16: B001386 | H16: S001371 | J16: 9954.2 | K16: 9954.2 | M16: 9954.2 | N16: 0 | O16: 13 | P16: In bank and AR subledger; no GL entry within tolerance. Pending analyst review.
A17: E0016 | B17: Duplicate posting | C17: High | D17: SL | E17: 10993 | F17: C004 | H17: S000310 | K17: 9667.11 | M17: 9667.11 | N17: 0 | O17: 71 | P17: Same reference and amount already posted once in SL (S000307). Pending analyst review.
A18: E0017 | B18: Missing in GL | C18: High | D18: BANK + SL | E18: 10912 | F18: C060 | G18: B000576 | H18: S000597 | J18: 9081.19 | K18: 9081.19 | M18: 9081.19 | N18: 1 | O18: 55 | P18: In bank and AR subledger; no GL entry within tolerance. Pending analyst review.
A19: E0018 | B19: Missing in bank | C19: High | D19: SL + GL | E19: 10365 | F19: C042 | H19: S000016 | I19: G000009 | K19: 8848.43 | L19: 8848.43 | M19: 8848.43 | N19: 0 | O19: 87 | P19: In AR subledger and GL; no matching bank credit found. Pending analyst review.
A20: E0019 | B20: Missing in bank | C20: High | D20: SL + GL | E20: 10090 | F20: C054 | H20: S000465 | I20: G000438 | K20: 7840.34 | L20: 7840.34 | M20: 7840.34 | N20: 0 | O20: 62 | P20: In AR subledger and GL; no matching bank credit found. Pending analyst review.
A21: E0020 | B21: Timing gap | C21: High | D21: BANK + SL + GL | E21: 10269 | F21: C034 | G21: B000179 | H21: S000215 | I21: G000579 | J21: 6171.84 | K21: 6171.84 | L21: 6171.84 | M21: 6171.84 | N21: 26 | O21: 79 | P21: Ties across all three systems but dates span 26 days (tolerance 7). Pending analyst review.
A22: E0021 | B22: Missing in GL | C22: High | D22: BANK + SL | E22: 10039 | F22: C041 | G22: B000783 | H22: S000827 | J22: 6165.65 | K22: 6165.65 | M22: 6165.65 | N22: 3 | O22: 46 | P22: In bank and AR subledger; no GL entry within tolerance. Pending analyst review.
A23: E0022 | B23: GL entry only | C23: High | D23: GL | E23: 10544 | I23: G000865 | L23: 5619.59 | M23: 5619.59 | N23: 0 | O23: 39 | P23: GL entry with no matching bank credit or AR application. Pending analyst review.
A24: E0023 | B24: Timing gap | C24: High | D24: BANK + SL + GL | E24: 11063 | F24: C019 | G24: B000155 | H24: S000166 | I24: G000483 | J24: 5495.96 | K24: 5495.96 | L24: 5495.97 | M24: 5495.96 | N24: 20 | O24: 80 | P24: Ties across all three systems but dates span 20 days (tolerance 7). Pending analyst review.
A25: E0024 | B25: Timing gap | C25: High | D25: BANK + SL + GL | E25: 10318 | F25: C043 | G25: B000658 | H25: S000639 | I25: G001001 | J25: 5240.76 | K25: 5240.76 | L25: 5240.76 | M25: 5240.76 | N25: 20 | O25: 52 | P25: Ties across all three systems but dates span 20 days (tolerance 7). Pending analyst review.
A26: E0025 | B26: Ambiguous match | C26: High | D26: BANK | G26: B000976 | J26: 5000 | M26: 5000 | N26: 0 | O26: 35 | P26: Several possible counterparts on amount and date; deliberately not auto-matched. Pending analyst review.
A27: E0026 | B27: Missing in bank | C27: High | D27: SL + GL | E27: 10536 | F27: C059 | H27: S000936 | I27: G000908 | K27: 5000 | L27: 5000 | M27: 5000 | N27: 0 | O27: 37 | P27: In AR subledger and GL; no matching bank credit found. Pending analyst review.
A28: E0027 | B28: Missing in bank | C28: High | D28: SL + GL | E28: 10566 | F28: C016 | H28: S000965 | I28: G000948 | K28: 5000 | L28: 5000 | M28: 5000 | N28: 0 | O28: 35 | P28: In AR subledger and GL; no matching bank credit found. Pending analyst review.
A29: E0028 | B29: Missing in GL | C29: Medium | D29: BANK + SL | E29: 11125 | F29: C054 | G29: B000133 | H29: S000157 | J29: 4850.79 | K29: 4850.79 | M29: 4850.79 | N29: 2 | O29: 81 | P29: In bank and AR subledger; no GL entry within tolerance. Pending analyst review.
A30: E0029 | B30: Timing gap | C30: Medium | D30: BANK + SL + GL | E30: 10383 | F30: C004 | G30: B001467 | H30: S001479 | I30: G001471 | J30: 4764.95 | K30: 4765.3 | L30: 4765.3 | M30: 4765.3 | N30: 23 | O30: 9 | P30: Ties across all three systems but dates span 23 days (tolerance 7). Pending analyst review.
A31: E0030 | B31: Amount mismatch | C31: Medium | D31: BANK + SL + GL | E31: 10033 | F31: C048 | G31: B001084 | H31: S001074 | I31: G001047 | J31: 11645.51 | K31: 16145.51 | L31: 11645.51 | M31: 4500 | N31: 0 | O31: 29 | P31: Reference ties across all three systems but amounts differ by $4500.00 (tolerance $1.00). Pending analyst review.
A32: E0031 | B32: Missing in AR | C32: Medium | D32: BANK + GL | E32: 11227 | G32: B001465 | I32: G001461 | J32: 4482.13 | L32: 4482.13 | M32: 4482.13 | N32: 3 | O32: 9 | P32: In bank and GL; no AR subledger application found. Pending analyst review.
A33: E0032 | B33: Timing gap | C33: Medium | D33: BANK + SL + GL | E33: 11351 | F33: C052 | G33: B001159 | H33: S001209 | I33: G001468 | J33: 4439.22 | K33: 4439.22 | L33: 4439.23 | M33: 4439.22 | N33: 21 | O33: 25 | P33: Ties across all three systems but dates span 21 days (tolerance 7). Pending analyst review.
A34: E0033 | B34: Missing in AR | C34: Medium | D34: BANK + GL | E34: 11402 | G34: B000166 | I34: G000150 | J34: 4307.23 | L34: 4307.73 | M34: 4307.73 | N34: 0 | O34: 79 | P34: In bank and GL; no AR subledger application found. Pending analyst review.
A35: E0034 | B35: Timing gap | C35: Medium | D35: BANK + SL + GL | E35: 11311 | F35: C036 | G35: B000400 | H35: S000397 | I35: G000878 | J35: 4244.35 | K35: 4244.35 | L35: 4244.35 | M35: 4244.35 | N35: 28 | O35: 66 | P35: Ties across all three systems but dates span 28 days (tolerance 7). Pending analyst review.
A36: E0035 | B36: Duplicate posting | C36: Medium | D36: GL | E36: 10120 | I36: G001078 | L36: 4228.34 | M36: 4228.34 | N36: 0 | O36: 28 | P36: Same reference and amount already posted once in GL (G001066). Pending analyst review.
A37: E0036 | B37: Missing in GL | C37: Medium | D37: BANK + SL | E37: 10550 | F37: C060 | G37: B000171 | H37: S000156 | J37: 4154.48 | K37: 4154.48 | M37: 4154.48 | N37: 0 | O37: 79 | P37: In bank and AR subledger; no GL entry within tolerance. Pending analyst review.
A38: E0037 | B38: Bank credit only | C38: Medium | D38: BANK | E38: 11445 | G38: B001168 | J38: 4111.83 | M38: 4111.83 | N38: 0 | O38: 25 | P38: Bank credit with no matching AR or GL record. Pending analyst review.
A39: E0038 | B39: Duplicate posting | C39: Medium | D39: GL | E39: 10471 | I39: G000433 | L39: 4042.96 | M39: 4042.96 | N39: 1 | O39: 62 | P39: Same reference and amount already posted once in GL (G000416). Pending analyst review.
A40: E0039 | B40: Missing in AR | C40: Medium | D40: BANK + GL | E40: 10344 | G40: B001361 | I40: G001334 | J40: 3941.83 | L40: 3941.83 | M40: 3941.83 | N40: 0 | O40: 14 | P40: In bank and GL; no AR subledger application found. Pending analyst review.
A41: E0040 | B41: Duplicate posting | C41: Medium | D41: GL | E41: 11087 | I41: G000975 | L41: 3884.22 | M41: 3884.22 | N41: 2 | O41: 33 | P41: Same reference and amount already posted once in GL (G000958). Pending analyst review.
A42: E0041 | B42: Timing gap | C42: Medium | D42: BANK + SL + GL | E42: 10608 | F42: C018 | G42: B000412 | H42: S000456 | I42: G000747 | J42: 3866.74 | K42: 3866.74 | L42: 3866.74 | M42: 3866.74 | N42: 19 | O42: 65 | P42: Ties across all three systems but dates span 19 days (tolerance 7). Pending analyst review.
A43: E0042 | B43: Missing in bank | C43: Medium | D43: SL + GL | E43: 10362 | F43: C028 | H43: S001132 | I43: G001133 | K43: 3826.2 | L43: 3826.2 | M43: 3826.2 | N43: 1 | O43: 26 | P43: In AR subledger and GL; no matching bank credit found. Pending analyst review.
A44: E0043 | B44: Missing in AR | C44: Medium | D44: BANK + GL | E44: 10775 | G44: B000630 | I44: G000588 | J44: 3603.25 | L44: 3603.25 | M44: 3603.25 | N44: 0 | O44: 53 | P44: In bank and GL; no AR subledger application found. Pending analyst review.
A45: E0044 | B45: Amount mismatch | C45: Medium | D45: BANK + SL + GL | E45: 10789 | F45: C029 | G45: B000690 | H45: S000684 | I45: G000673 | J45: 2644.54 | K45: 2644.79 | L45: 6244.79 | M45: 3600.25 | N45: 1 | O45: 50 | P45: Reference ties across all three systems but amounts differ by $3600.25 (tolerance $1.00). Pending analyst review.
A46: E0045 | B46: Duplicate posting | C46: Medium | D46: GL | E46: 10155 | I46: G000970 | L46: 3525.18 | M46: 3525.18 | N46: 1 | O46: 34 | P46: Same reference and amount already posted once in GL (G000950). Pending analyst review.
A47: E0046 | B47: Missing in bank | C47: Medium | D47: SL + GL | E47: 10776 | F47: C004 | H47: S000091 | I47: G000063 | K47: 3495.07 | L47: 3495.07 | M47: 3495.07 | N47: 0 | O47: 83 | P47: In AR subledger and GL; no matching bank credit found. Pending analyst review.
A48: E0047 | B48: Missing in GL | C48: Medium | D48: BANK + SL | E48: 10089 | F48: C043 | G48: B001350 | H48: S001378 | J48: 3493.32 | K48: 3493.82 | M48: 3493.82 | N48: 2 | O48: 15 | P48: In bank and AR subledger; no GL entry within tolerance. Pending analyst review.
A49: E0048 | B49: Missing in AR | C49: Medium | D49: BANK + GL | E49: 10180 | G49: B000127 | I49: G000154 | J49: 3401.69 | L49: 3401.69 | M49: 3401.69 | N49: 3 | O49: 81 | P49: In bank and GL; no AR subledger application found. Pending analyst review.
A50: E0049 | B50: AR application only | C50: Medium | D50: SL | E50: 10595 | F50: C056 | H50: S000231 | K50: 3309.03 | M50: 3309.03 | N50: 0 | O50: 76 | P50: AR application with no matching bank credit or GL entry. Pending analyst review.
A51: E0050 | B51: Missing in GL | C51: Medium | D51: BANK + SL | E51: 10779 | F51: C006 | G51: B000582 | H51: S000571 | J51: 3242.12 | K51: 3242.12 | M51: 3242.12 | N51: 0 | O51: 55 | P51: In bank and AR subledger; no GL entry within tolerance. Pending analyst review.
A52: E0051 | B52: Bank credit only | C52: Medium | D52: BANK | E52: 10469 | G52: B000602 | J52: 3239.53 | M52: 3239.53 | N52: 0 | O52: 54 | P52: Bank credit with no matching AR or GL record. Pending analyst review.
A53: E0052 | B53: Missing in GL | C53: Medium | D53: BANK + SL | E53: 10213 | F53: C010 | G53: B000719 | H53: S000757 | J53: 3234.9 | K53: 3234.9 | M53: 3234.9 | N53: 2 | O53: 49 | P53: In bank and AR subledger; no GL entry within tolerance. Pending analyst review.
A54: E0053 | B54: Missing in GL | C54: Medium | D54: BANK + SL | E54: 11304 | F54: C018 | G54: B000209 | H54: S000187 | J54: 2928.67 | K54: 2928.67 | M54: 2928.67 | N54: 0 | O54: 77 | P54: In bank and AR subledger; no GL entry within tolerance. Pending analyst review.
A55: E0054 | B55: Amount mismatch | C55: Medium | D55: BANK + SL + GL | E55: 10660 | F55: C042 | G55: B001036 | H55: S001027 | I55: G001028 | J55: 4151.93 | K55: 1451.93 | L55: 4151.93 | M55: 2700 | N55: 0 | O55: 31 | P55: Reference ties across all three systems but amounts differ by $2700.00 (tolerance $1.00). Pending analyst review.
A56: E0055 | B56: Missing in bank | C56: Medium | D56: SL + GL | E56: 10009 | F56: C013 | H56: S000817 | I56: G000824 | K56: 2695.18 | L56: 2695.18 | M56: 2695.18 | N56: 1 | O56: 43 | P56: In AR subledger and GL; no matching bank credit found. Pending analyst review.
A57: E0056 | B57: Missing in GL | C57: Medium | D57: BANK + SL | E57: 11486 | F57: C010 | G57: B001254 | H57: S001263 | J57: 2629.84 | K57: 2629.84 | M57: 2629.84 | N57: 0 | O57: 20 | P57: In bank and AR subledger; no GL entry within tolerance. Pending analyst review.
A58: E0057 | B58: AR application only | C58: Medium | D58: SL | E58: 11234 | F58: C040 | H58: S000578 | K58: 2552.72 | M58: 2552.72 | N58: 0 | O58: 55 | P58: AR application with no matching bank credit or GL entry. Pending analyst review.
A59: E0058 | B59: Missing in bank | C59: Medium | D59: SL + GL | E59: 10308 | F59: C037 | H59: S001398 | I59: G001429 | K59: 2546.16 | L59: 2546.16 | M59: 2546.16 | N59: 3 | O59: 12 | P59: In AR subledger and GL; no matching bank credit found. Pending analyst review.
A60: E0059 | B60: Missing in AR | C60: Medium | D60: BANK + GL | E60: 11056 | G60: B000857 | I60: G000843 | J60: 2535.31 | L60: 2535.31 | M60: 2535.31 | N60: 2 | O60: 42 | P60: In bank and GL; no AR subledger application found. Pending analyst review.
A61: E0060 | B61: Missing in GL | C61: Medium | D61: BANK + SL | E61: 11411 | F61: C038 | G61: B001345 | H61: S001393 | J61: 2528.8 | K61: 2528.8 | M61: 2528.8 | N61: 3 | O61: 15 | P61: In bank and AR subledger; no GL entry within tolerance. Pending analyst review.
A62: E0061 | B62: Bank credit only | C62: Medium | D62: BANK | E62: 11043 | G62: B001458 | J62: 2500 | M62: 2500 | N62: 0 | O62: 9 | P62: Bank credit with no matching AR or GL record. Pending analyst review.
A63: E0062 | B63: Missing in AR | C63: Medium | D63: BANK + GL | E63: 10659 | G63: B001228 | I63: G001207 | J63: 2500 | L63: 2500 | M63: 2500 | N63: 1 | O63: 22 | P63: In bank and GL; no AR subledger application found. Pending analyst review.
A64: E0063 | B64: Timing gap | C64: Medium | D64: BANK + SL + GL | E64: 11095 | F64: C033 | G64: B000279 | H64: S000292 | I64: G000476 | J64: 2480.93 | K64: 2480.93 | L64: 2480.93 | M64: 2480.93 | N64: 14 | O64: 74 | P64: Ties across all three systems but dates span 14 days (tolerance 7). Pending analyst review.
A65: E0064 | B65: Timing gap | C65: Medium | D65: BANK + SL + GL | E65: 11159 | F65: C003 | G65: B000329 | H65: S000336 | I65: G000484 | J65: 2443.93 | K65: 2444.43 | L65: 2444.43 | M65: 2444.43 | N65: 10 | O65: 70 | P65: Ties across all three systems but dates span 10 days (tolerance 7). Pending analyst review.
A66: E0065 | B66: Duplicate posting | C66: Medium | D66: GL | E66: 11471 | I66: G000286 | L66: 2423.06 | M66: 2423.06 | N66: 1 | O66: 71 | P66: Same reference and amount already posted once in GL (G000258). Pending analyst review.
A67: E0066 | B67: Timing gap | C67: Medium | D67: BANK + SL + GL | E67: 11045 | F67: C047 | G67: B000194 | H67: S000172 | I67: G000420 | J67: 2390.65 | K67: 2390.65 | L67: 2390.65 | M67: 2390.65 | N67: 15 | O67: 78 | P67: Ties across all three systems but dates span 15 days (tolerance 7). Pending analyst review.
A68: E0067 | B68: Missing in bank | C68: Medium | D68: SL + GL | E68: 10972 | F68: C009 | H68: S000205 | I68: G000185 | K68: 2305.17 | L68: 2305.17 | M68: 2305.17 | N68: 0 | O68: 77 | P68: In AR subledger and GL; no matching bank credit found. Pending analyst review.
A69: E0068 | B69: Missing in bank | C69: Medium | D69: SL + GL | E69: 10537 | F69: C030 | H69: S000731 | I69: G000714 | K69: 2286.64 | L69: 2286.64 | M69: 2286.64 | N69: 0 | O69: 47 | P69: In AR subledger and GL; no matching bank credit found. Pending analyst review.
A70: E0069 | B70: Missing in bank | C70: Medium | D70: SL + GL | E70: 10219 | F70: C035 | H70: S001115 | I70: G001094 | K70: 2273.76 | L70: 2273.76 | M70: 2273.76 | N70: 1 | O70: 27 | P70: In AR subledger and GL; no matching bank credit found. Pending analyst review.
A71: E0070 | B71: Timing gap | C71: Medium | D71: BANK + SL + GL | E71: 10869 | F71: C056 | G71: B000407 | H71: S000392 | I71: G000839 | J71: 2243.5 | K71: 2243.5 | L71: 2243.5 | M71: 2243.5 | N71: 25 | O71: 66 | P71: Ties across all three systems but dates span 25 days (tolerance 7). Pending analyst review.
A72: E0071 | B72: Duplicate posting | C72: Medium | D72: SL | E72: 11092 | F72: C016 | H72: S001094 | K72: 2130.58 | M72: 2130.58 | N72: 1 | O72: 28 | P72: Same reference and amount already posted once in SL (S001075). Pending analyst review.
A73: E0072 | B73: Bank credit only | C73: Medium | D73: BANK | E73: 11001 | G73: B001252 | J73: 2121.28 | M73: 2121.28 | N73: 0 | O73: 21 | P73: Bank credit with no matching AR or GL record. Pending analyst review.
A74: E0073 | B74: Missing in GL | C74: Medium | D74: BANK + SL | E74: 10017 | F74: C047 | G74: B001030 | H74: S001070 | J74: 2110.34 | K74: 2110.34 | M74: 2110.34 | N74: 3 | O74: 32 | P74: In bank and AR subledger; no GL entry within tolerance. Pending analyst review.
A75: E0074 | B75: Missing in GL | C75: Medium | D75: BANK + SL | E75: 10133 | F75: C035 | G75: B001401 | H75: S001433 | J75: 2039.04 | K75: 2039.04 | M75: 2039.04 | N75: 2 | O75: 12 | P75: In bank and AR subledger; no GL entry within tolerance. Pending analyst review.
A76: E0075 | B76: Duplicate posting | C76: Medium | D76: SL | E76: 11156 | F76: C021 | H76: S001353 | K76: 2000 | M76: 2000 | N76: 1 | O76: 14 | P76: Same reference and amount already posted once in SL (S001335). Pending analyst review.
A77: E0076 | B77: GL entry only | C77: Medium | D77: GL | E77: 10029 | I77: G001459 | L77: 1951.41 | M77: 1951.41 | N77: 0 | O77: 7 | P77: GL entry with no matching bank credit or AR application. Pending analyst review.
A78: E0077 | B78: Bank credit only | C78: Medium | D78: BANK | E78: 10268 | G78: B000202 | J78: 1930.57 | M78: 1930.57 | N78: 0 | O78: 78 | P78: Bank credit with no matching AR or GL record. Pending analyst review.
A79: E0078 | B79: Timing gap | C79: Medium | D79: BANK + SL + GL | E79: 11137 | F79: C004 | G79: B000498 | H79: S000539 | I79: G000771 | J79: 1895.94 | K79: 1895.94 | L79: 1895.94 | M79: 1895.94 | N79: 17 | O79: 61 | P79: Ties across all three systems but dates span 17 days (tolerance 7). Pending analyst review.
A80: E0079 | B80: Bank credit only | C80: Medium | D80: BANK | E80: 11113 | G80: B000130 | J80: 1887.45 | M80: 1887.45 | N80: 0 | O80: 81 | P80: Bank credit with no matching AR or GL record. Pending analyst review.
A81: E0080 | B81: Missing in bank | C81: Medium | D81: SL + GL | E81: 10842 | F81: C040 | H81: S000917 | I81: G000880 | K81: 1823.96 | L81: 1823.96 | M81: 1823.96 | N81: 0 | O81: 38 | P81: In AR subledger and GL; no matching bank credit found. Pending analyst review.
A82: E0081 | B82: Missing in GL | C82: Medium | D82: BANK + SL | E82: 10983 | F82: C054 | G82: B000835 | H82: S000841 | J82: 1693.19 | K82: 1693.19 | M82: 1693.19 | N82: 1 | O82: 43 | P82: In bank and AR subledger; no GL entry within tolerance. Pending analyst review.
A83: E0082 | B83: Missing in bank | C83: Medium | D83: SL + GL | E83: 11494 | F83: C025 | H83: S000487 | I83: G000485 | K83: 1683.23 | L83: 1683.23 | M83: 1683.23 | N83: 1 | O83: 61 | P83: In AR subledger and GL; no matching bank credit found. Pending analyst review.
A84: E0083 | B84: Missing in AR | C84: Medium | D84: BANK + GL | E84: 11444 | G84: B000898 | I84: G000877 | J84: 1614.43 | L84: 1614.43 | M84: 1614.43 | N84: 1 | O84: 39 | P84: In bank and GL; no AR subledger application found. Pending analyst review.
A85: E0084 | B85: Missing in bank | C85: Medium | D85: SL + GL | E85: 11213 | F85: C060 | H85: S000057 | I85: G000080 | K85: 1593.55 | L85: 1593.55 | M85: 1593.55 | N85: 2 | O85: 84 | P85: In AR subledger and GL; no matching bank credit found. Pending analyst review.
A86: E0085 | B86: Missing in AR | C86: Medium | D86: BANK + GL | E86: 10229 | G86: B000856 | I86: G000861 | J86: 1559.28 | L86: 1559.28 | M86: 1559.28 | N86: 3 | O86: 42 | P86: In bank and GL; no AR subledger application found. Pending analyst review.
A87: E0086 | B87: Missing in bank | C87: Medium | D87: SL + GL | E87: 11493 | F87: C011 | H87: S001269 | I87: G001263 | K87: 1500 | L87: 1500 | M87: 1500 | N87: 0 | O87: 19 | P87: In AR subledger and GL; no matching bank credit found. Pending analyst review.
A88: E0087 | B88: Timing gap | C88: Medium | D88: BANK + SL + GL | E88: 10826 | F88: C043 | G88: B001421 | H88: S001473 | I88: G001472 | J88: 1500 | K88: 1500 | L88: 1500 | M88: 1500 | N88: 25 | O88: 11 | P88: Ties across all three systems but dates span 25 days (tolerance 7). Pending analyst review.
A89: E0088 | B89: GL entry only | C89: Medium | D89: GL | E89: 11123 | I89: G000918 | L89: 1484.04 | M89: 1484.04 | N89: 0 | O89: 36 | P89: GL entry with no matching bank credit or AR application. Pending analyst review.
A90: E0089 | B90: Missing in bank | C90: Medium | D90: SL + GL | E90: 11262 | F90: C033 | H90: S000661 | I90: G000647 | K90: 1318.71 | L90: 1318.71 | M90: 1318.71 | N90: 0 | O90: 51 | P90: In AR subledger and GL; no matching bank credit found. Pending analyst review.
A91: E0090 | B91: Bank credit only | C91: Medium | D91: BANK | E91: 10350 | G91: B000736 | J91: 1318.52 | M91: 1318.52 | N91: 0 | O91: 48 | P91: Bank credit with no matching AR or GL record. Pending analyst review.
A92: E0091 | B92: Missing in AR | C92: Medium | D92: BANK + GL | E92: 11427 | G92: B000622 | I92: G000663 | J92: 1302.02 | L92: 1302.02 | M92: 1302.02 | N92: 3 | O92: 53 | P92: In bank and GL; no AR subledger application found. Pending analyst review.
A93: E0092 | B93: AR application only | C93: Medium | D93: SL | E93: 10556 | F93: C049 | H93: S000503 | K93: 1272.62 | M93: 1272.62 | N93: 0 | O93: 60 | P93: AR application with no matching bank credit or GL entry. Pending analyst review.
A94: E0093 | B94: Duplicate posting | C94: Medium | D94: GL | E94: 10979 | I94: G000638 | L94: 1206.62 | M94: 1206.62 | N94: 2 | O94: 51 | P94: Same reference and amount already posted once in GL (G000595). Pending analyst review.
A95: E0094 | B95: Missing in GL | C95: Medium | D95: BANK + SL | E95: 11334 | F95: C010 | G95: B000058 | H95: S000069 | J95: 1172.76 | K95: 1173.51 | M95: 1173.51 | N95: 1 | O95: 85 | P95: In bank and AR subledger; no GL entry within tolerance. Pending analyst review.
A96: E0095 | B96: Missing in GL | C96: Medium | D96: BANK + SL | E96: 10943 | F96: C013 | G96: B000493 | H96: S000525 | J96: 1164.73 | K96: 1164.73 | M96: 1164.73 | N96: 2 | O96: 61 | P96: In bank and AR subledger; no GL entry within tolerance. Pending analyst review.
A97: E0096 | B97: Timing gap | C97: Medium | D97: BANK + SL + GL | E97: 10528 | F97: C022 | G97: B000301 | H97: S000308 | I97: G000690 | J97: 1146.84 | K97: 1146.84 | L97: 1146.84 | M97: 1146.84 | N97: 24 | O97: 72 | P97: Ties across all three systems but dates span 24 days (tolerance 7). Pending analyst review.
A98: E0097 | B98: Missing in AR | C98: Medium | D98: BANK + GL | E98: 11223 | G98: B001398 | I98: G001407 | J98: 1137.54 | L98: 1137.54 | M98: 1137.54 | N98: 2 | O98: 12 | P98: In bank and GL; no AR subledger application found. Pending analyst review.
A99: E0098 | B99: Bank credit only | C99: Medium | D99: BANK | E99: 10714 | G99: B000186 | J99: 1136.64 | M99: 1136.64 | N99: 0 | O99: 79 | P99: Bank credit with no matching AR or GL record. Pending analyst review.
A100: E0099 | B100: Duplicate posting | C100: Medium | D100: GL | E100: 10835 | I100: G000537 | L100: 1134.43 | M100: 1134.43 | N100: 1 | O100: 56 | P100: Same reference and amount already posted once in GL (G000520). Pending analyst review.
...

Sheet Sensitivity
A1: Tolerance sensitivity: what each setting does to the exception queue
A2: Source: validate_against_ground_truth.py re-runs the SQL pipeline at each setting and scores it against the planted breaks. Values are outputs of that run (blue). Highlighted row = settings used.
A4: Amount tol. | B4: Date tol. (days) | C4: Rows cleared | D4: Exceptions | E4: Breaks missed | F4: False alarms | G4: Recall | H4: Precision
A5: 0 | B5: 2 | C5: 0.5695 | D5: 689 | E5: 4 | F5: 561 | G5: =(128-E5)/128 | H5: =IF(D5=0,1,1-F5/D5)
A6: 0 | B6: 5 | C6: 0.7932 | D6: 355 | E6: 4 | F6: 227 | G6: =(128-E6)/128 | H6: =IF(D6=0,1,1-F6/D6)
A7: 0 | B7: 7 | C7: 0.7953 | D7: 352 | E7: 4 | F7: 224 | G7: =(128-E7)/128 | H7: =IF(D7=0,1,1-F7/D7)
A8: 0 | B8: 10 | C8: 0.7953 | D8: 353 | E8: 5 | F8: 226 | G8: =(128-E8)/128 | H8: =IF(D8=0,1,1-F8/D8)
A9: 0.5 | B9: 2 | C9: 0.6536 | D9: 560 | E9: 0 | F9: 432 | G9: =(128-E9)/128 | H9: =IF(D9=0,1,1-F9/D9)
A10: 0.5 | B10: 5 | C10: 0.9064 | D10: 182 | E10: 0 | F10: 54 | G10: =(128-E10)/128 | H10: =IF(D10=0,1,1-F10/D10)
A11: 0.5 | B11: 7 | C11: 0.9105 | D11: 176 | E11: 0 | F11: 48 | G11: =(128-E11)/128 | H11: =IF(D11=0,1,1-F11/D11)
A12: 0.5 | B12: 10 | C12: 0.9112 | D12: 176 | E12: 2 | F12: 50 | G12: =(128-E12)/128 | H12: =IF(D12=0,1,1-F12/D12)
A13: 1 | B13: 2 | C13: 0.678 | D13: 522 | E13: 0 | F13: 394 | G13: =(128-E13)/128 | H13: =IF(D13=0,1,1-F13/D13)
A14: 1 | B14: 5 | C14: 0.9363 | D14: 136 | E14: 0 | F14: 8 | G14: =(128-E14)/128 | H14: =IF(D14=0,1,1-F14/D14)
A15: 1 | B15: 7 | C15: 0.9403 | D15: 130 | E15: 0 | F15: 2 | G15: =(128-E15)/128 | H15: =IF(D15=0,1,1-F15/D15)
A16: 1 | B16: 10 | C16: 0.941 | D16: 130 | E16: 2 | F16: 4 | G16: =(128-E16)/128 | H16: =IF(D16=0,1,1-F16/D16)
... A24: 5 | B24: 10 | C24: 0.9451 | D24: 124 | E24: 8 | F24: 4 | G24: =(128-E24)/128 | H24: =IF(D24=0,1,1-F24/D24)
A26: Reading it: at $0.00 every bank fee becomes an amount mismatch; at $5.00 the small short-pays are absorbed. At 2 days normal posting lag floods the queue; at 10 days genuine timing gaps are absorbed.
A27: Caveat: the 7-day knee reflects the synthetic posting lag (at most 6 days). With real data, set the date tolerance from the observed spread on cleanly matched items.
